sample,group
sample_1,covid
sample_2,covid
sample_3,covid
sample_4,covid
sample_5,covid
sample_6,covid
sample_7,covid
sample_8,covid
sample_9,covid
sample_10,covid
sample_11,covid
sample_12,covid
sample_13,covid
sample_14,covid
sample_15,covid
sample_16,covid
sample_17,covid
sample_18,covid
sample_19,covid
sample_20,covid
sample_21,covid
sample_22,covid
sample_23,covid
sample_24,covid
sample_25,covid
sample_26,covid
sample_27,covid
sample_28,covid
sample_29,covid
sample_30,covid
sample_31,covid
sample_32,covid
sample_33,covid
sample_34,covid
sample_35,covid
sample_36,covid
sample_37,covid
sample_38,covid
sample_39,covid
sample_40,covid
sample_41,covid
sample_42,covid
sample_43,covid
sample_44,covid
sample_45,covid
sample_46,covid
sample_47,covid
sample_48,covid
sample_49,covid
sample_50,covid
sample_51,covid
sample_52,covid
sample_53,covid
sample_54,non_covid
sample_55,covid
sample_56,covid
sample_57,covid
sample_58,covid
sample_59,covid
sample_60,covid
sample_61,covid
sample_62,covid
sample_63,covid
sample_64,covid
sample_65,covid
sample_66,covid
sample_67,covid
sample_68,covid
sample_69,covid
sample_70,covid
sample_71,covid
sample_72,covid
sample_73,covid
sample_74,covid
sample_75,covid
sample_76,covid
sample_77,covid
sample_78,covid
sample_79,covid
sample_80,covid
sample_81,covid
sample_82,covid
sample_83,covid
sample_84,covid
sample_85,covid
sample_86,covid
sample_87,covid
sample_88,covid
sample_89,covid
sample_90,covid
sample_91,covid
sample_92,covid
sample_93,covid
sample_94,covid
sample_95,covid
sample_96,covid
sample_97,covid
sample_98,covid
sample_99,covid
sample_100,covid
sample_101,covid
sample_102,covid
sample_103,covid
sample_104,non_covid
sample_105,non_covid
sample_106,non_covid
sample_107,non_covid
sample_108,non_covid
sample_109,non_covid
sample_110,non_covid
sample_111,non_covid
sample_112,non_covid
sample_113,non_covid
sample_114,non_covid
sample_115,non_covid
sample_116,non_covid
sample_117,non_covid
sample_118,non_covid
sample_119,non_covid
sample_120,non_covid
sample_121,non_covid
sample_122,non_covid
sample_123,non_covid
sample_124,non_covid
sample_125,non_covid
sample_126,non_covid
sample_127,non_covid
sample_128,non_covid
sample_129,non_covid
